method,seed,split,mae,qwk,auc_ge1,auc_ge3,auc_ge5,checkpoint_path,train_script,eval_script,pred_csv,status,error
CORN,2026,test,0.3634453781512605,0.5745382716049383,0.8422798289255476,0.8776442307692307,0.9957894736842106,ckpt/stability/corn_head_icdas4_seed2026.pt,train_corn_head_icdas4.py,eval_corn_on_roi_icdas4.py,pred_csv/stability/roi_test_icdas4_corn_seed2026.csv,ok,
CORN,2026,val,0.3506172839506173,0.594721370942523,0.8049585937103083,0.9021224723935178,0.9494949494949496,ckpt/stability/corn_head_icdas4_seed2026.pt,train_corn_head_icdas4.py,eval_corn_on_roi_icdas4.py,pred_csv/stability/roi_val_icdas4_corn_seed2026.csv,ok,
CORN,2027,test,0.3424369747899159,0.5003015961395694,0.8579471065724011,0.8482371794871795,0.9978947368421052,ckpt/stability/corn_head_icdas4_seed2027.pt,train_corn_head_icdas4.py,eval_corn_on_roi_icdas4.py,pred_csv/stability/roi_test_icdas4_corn_seed2027.csv,ok,
CORN,2027,val,0.3555555555555555,0.5399424651471565,0.8121983437484124,0.9268607486017496,0.9783950617283952,ckpt/stability/corn_head_icdas4_seed2027.pt,train_corn_head_icdas4.py,eval_corn_on_roi_icdas4.py,pred_csv/stability/roi_val_icdas4_corn_seed2027.csv,ok,
CORN,2028,test,0.3004201680672269,0.559591721276696,0.8594963777603212,0.825360576923077,0.9936842105263158,ckpt/stability/corn_head_icdas4_seed2028.pt,train_corn_head_icdas4.py,eval_corn_on_roi_icdas4.py,pred_csv/stability/roi_test_icdas4_corn_seed2028.csv,ok,
CORN,2028,val,0.3234567901234568,0.6100131308710144,0.8027739673830209,0.917539079305894,0.9938271604938272,ckpt/stability/corn_head_icdas4_seed2028.pt,train_corn_head_icdas4.py,eval_corn_on_roi_icdas4.py,pred_csv/stability/roi_val_icdas4_corn_seed2028.csv,ok,
Existing Ordinal (Ord2Seq),2026,test,0.3046218487394957,0.5780728587319244,0.8695339094003666,0.7505408653846154,0.9578947368421054,ckpt/stability/ord2seq_head_icdas4_seed2026.pt,train_ordinal_head_min.py,tools/eval_ordinal_on_roi_icdas4.py,pred_csv/stability/roi_test_icdas4_existing_ordinal_ord2seq_seed2026.csv,ok,
Existing Ordinal (Ord2Seq),2026,val,0.345679012345679,0.5538483838237427,0.7999288726312046,0.8041373870643912,0.93013468013468,ckpt/stability/ord2seq_head_icdas4_seed2026.pt,train_ordinal_head_min.py,tools/eval_ordinal_on_roi_icdas4.py,pred_csv/stability/roi_val_icdas4_existing_ordinal_ord2seq_seed2026.csv,ok,
Existing Ordinal (Ord2Seq),2027,test,0.3487394957983193,0.5943011554591329,0.8740726193593437,0.8006610576923077,0.9873684210526316,ckpt/stability/ord2seq_head_icdas4_seed2027.pt,train_ordinal_head_min.py,tools/eval_ordinal_on_roi_icdas4.py,pred_csv/stability/roi_test_icdas4_existing_ordinal_ord2seq_seed2027.csv,ok,
Existing Ordinal (Ord2Seq),2027,val,0.3530864197530864,0.628125274146855,0.8125285779606768,0.8302739136670013,0.9351851851851852,ckpt/stability/ord2seq_head_icdas4_seed2027.pt,train_ordinal_head_min.py,tools/eval_ordinal_on_roi_icdas4.py,pred_csv/stability/roi_val_icdas4_existing_ordinal_ord2seq_seed2027.csv,ok,
Existing Ordinal (Ord2Seq),2028,test,0.3319327731092437,0.5412750422330812,0.8651479444880859,0.662920673076923,0.96,ckpt/stability/ord2seq_head_icdas4_seed2028.pt,train_ordinal_head_min.py,tools/eval_ordinal_on_roi_icdas4.py,pred_csv/stability/roi_test_icdas4_existing_ordinal_ord2seq_seed2028.csv,ok,
Existing Ordinal (Ord2Seq),2028,val,0.3407407407407407,0.6116823314199205,0.8131636437534928,0.75103972465223,0.9364478114478114,ckpt/stability/ord2seq_head_icdas4_seed2028.pt,train_ordinal_head_min.py,tools/eval_ordinal_on_roi_icdas4.py,pred_csv/stability/roi_val_icdas4_existing_ordinal_ord2seq_seed2028.csv,ok,
Ord2Seq-guided Softmax OrdPlus,2026,test,0.28491044870501973,0.5580278682051364,0.8573579471065724,0.8661858974358974,0.9873684210526316,ckpt/stability/softmax_ordplus_icdas4_seed2026.pt,train_softmax_ordplus_icdas4.py,eval_softmax_ordplus_on_roi_icdas4.py,pred_csv/stability/roi_test_icdas4_ord2seq_guided_softmax_ordplus_seed2026.csv,ok,
Ord2Seq-guided Softmax OrdPlus,2026,val,0.3555555555555555,0.6260081823495032,0.8046029568663313,0.91839954108705,0.9943883277216612,ckpt/stability/softmax_ordplus_icdas4_seed2026.pt,train_softmax_ordplus_icdas4.py,eval_softmax_ordplus_on_roi_icdas4.py,pred_csv/stability/roi_val_icdas4_ord2seq_guided_softmax_ordplus_seed2026.csv,ok,
Ord2Seq-guided Softmax OrdPlus,2027,test,0.30823567234124429,0.5893747227584022,0.8665008291873963,0.8608173076923077,0.92,ckpt/stability/softmax_ordplus_icdas4_seed2027.pt,train_softmax_ordplus_icdas4.py,eval_softmax_ordplus_on_roi_icdas4.py,pred_csv/stability/roi_test_icdas4_ord2seq_guided_softmax_ordplus_seed2027.csv,ok,
Ord2Seq-guided Softmax OrdPlus,2027,val,0.3185185185185185,0.6669624633951549,0.8145353858659757,0.9275060949376164,0.9486531986531986,ckpt/stability/softmax_ordplus_icdas4_seed2027.pt,train_softmax_ordplus_icdas4.py,eval_softmax_ordplus_on_roi_icdas4.py,pred_csv/stability/roi_val_icdas4_ord2seq_guided_softmax_ordplus_seed2027.csv,ok,
Ord2Seq-guided Softmax OrdPlus,2028,test,0.33156089597746885,0.6207215773116679,0.8818189752989438,0.8622596153846154,0.991578947368421,ckpt/stability/softmax_ordplus_icdas4_seed2028.pt,train_softmax_ordplus_icdas4.py,eval_softmax_ordplus_on_roi_icdas4.py,pred_csv/stability/roi_test_icdas4_ord2seq_guided_softmax_ordplus_seed2028.csv,ok,
Ord2Seq-guided Softmax OrdPlus,2028,val,0.3061728395061728,0.6595338173481085,0.8058476858202511,0.9076437688226014,0.9436026936026936,ckpt/stability/softmax_ordplus_icdas4_seed2028.pt,train_softmax_ordplus_icdas4.py,eval_softmax_ordplus_on_roi_icdas4.py,pred_csv/stability/roi_val_icdas4_ord2seq_guided_softmax_ordplus_seed2028.csv,ok,
Softmax baseline,2026,test,0.30180701091431614,0.5497798097000662,0.886150388408833,0.869911858974359,1.0,ckpt/stability/softmax_head_icdas4_seed2026.pt,train_softmax_head_icdas4.py,tools/eval_ordinal_on_roi_icdas4.py,pred_csv/stability/roi_test_icdas4_softmax_baseline_seed2026.csv,ok,
Softmax baseline,2026,val,0.3654320987654321,0.5539887187751813,0.7924096936442617,0.9094363975333428,0.9966329966329966,ckpt/stability/softmax_head_icdas4_seed2026.pt,train_softmax_head_icdas4.py,tools/eval_ordinal_on_roi_icdas4.py,pred_csv/stability/roi_val_icdas4_softmax_baseline_seed2026.csv,ok,
Softmax baseline,2027,test,0.335263245688551,0.5772344875890996,0.8686283494806668,0.8621794871794871,0.9073684210526316,ckpt/stability/softmax_head_icdas4_seed2027.pt,train_softmax_head_icdas4.py,tools/eval_ordinal_on_roi_icdas4.py,pred_csv/stability/roi_test_icdas4_softmax_baseline_seed2027.csv,ok,
Softmax baseline,2027,val,0.3407407407407407,0.6125143513203215,0.789475689681451,0.9197619389072136,0.9357463524130192,ckpt/stability/softmax_head_icdas4_seed2027.pt,train_softmax_head_icdas4.py,tools/eval_ordinal_on_roi_icdas4.py,pred_csv/stability/roi_val_icdas4_softmax_baseline_seed2027.csv,ok,
Softmax baseline,2028,test,0.3687194804627859,0.6046891654781329,0.8760473946059177,0.8671875,0.9873684210526316,ckpt/stability/softmax_head_icdas4_seed2028.pt,train_softmax_head_icdas4.py,tools/eval_ordinal_on_roi_icdas4.py,pred_csv/stability/roi_test_icdas4_softmax_baseline_seed2028.csv,ok,
Softmax baseline,2028,val,0.3259259259259259,0.5855631611698817,0.796245491032871,0.9123046034705292,0.9225589225589226,ckpt/stability/softmax_head_icdas4_seed2028.pt,train_softmax_head_icdas4.py,tools/eval_ordinal_on_roi_icdas4.py,pred_csv/stability/roi_val_icdas4_softmax_baseline_seed2028.csv,ok,
