image,class_id,class_name,xmin,ymin,xmax,ymax,score
anonymous-frontalView-1727270503644.jpg,0,0,1124,265,1225,500,
anonymous-leftLateralView-1727765301033.jpg,0,0,275,350,552,705,
anonymous-mandibularView-1726732189448.jpg,0,0,1746,750,2150,1017,
anonymous-mandibularView-1726732189448.jpg,0,0,1899,588,2274,880,
anonymous-mandibularView-1726917861644.jpg,0,0,74,131,396,408,
anonymous-mandibularView-1726917861644.jpg,0,0,210,320,478,595,
anonymous-mandibularView-1726917861644.jpg,0,0,1359,53,1601,299,
anonymous-mandibularView-1726917861644.jpg,0,0,1351,247,1571,443,
anonymous-mandibularView-1727096592972.jpg,0,0,1466,246,1803,564,
anonymous-mandibularView-1727270866811.jpg,0,0,75,135,282,297,
anonymous-mandibularView-1727270866811.jpg,0,0,45,285,307,449,
anonymous-mandibularView-1727270866811.jpg,0,0,55,423,361,625,
anonymous-mandibularView-1727270866811.jpg,0,0,151,569,341,697,
anonymous-mandibularView-1727270866811.jpg,0,0,1187,234,1372,424,
anonymous-mandibularView-1727270866811.jpg,0,0,1138,397,1367,595,
anonymous-mandibularView-1727270866811.jpg,0,0,1047,503,1303,743,
anonymous-mandibularView-1727270866811.jpg,0,0,988,617,1176,813,
anonymous-mandibularView-1727327225213.jpg,0,0,117,584,606,1005,
anonymous-mandibularView-1727327225213.jpg,0,0,1871,726,2324,1145,
anonymous-mandibularView-1727327225213.jpg,0,0,1996,450,2364,798,
anonymous-mandibularView-1727327225213.jpg,0,0,1861,1015,2206,1329,
anonymous-mandibularView-1727337671692.jpg,0,0,75,177,398,463,
anonymous-mandibularView-1727337671692.jpg,0,0,108,366,443,661,
anonymous-mandibularView-1727337671692.jpg,0,0,1472,148,1783,409,
anonymous-mandibularView-1727337671692.jpg,0,0,1354,348,1707,619,
anonymous-mandibularView-1727337671692.jpg,0,0,167,558,437,732,
anonymous-mandibularView-1727348556215.jpg,0,0,92,343,275,517,
anonymous-mandibularView-1727348556215.jpg,0,0,132,465,348,629,
anonymous-mandibularView-1727348556215.jpg,0,0,214,580,369,703,
anonymous-mandibularView-1727348556215.jpg,0,0,1071,269,1234,416,
anonymous-mandibularView-1727348556215.jpg,0,0,1003,378,1210,533,
anonymous-mandibularView-1727416019086.jpg,0,0,170,270,540,565,
anonymous-mandibularView-1727416019086.jpg,0,0,292,461,673,768,
anonymous-mandibularView-1727416019086.jpg,0,0,1583,105,1894,380,
anonymous-mandibularView-1727416019086.jpg,0,0,1564,317,1881,572,
anonymous-mandibularView-1727431008520.jpg,0,0,68,421,364,674,
anonymous-mandibularView-1727431008520.jpg,0,0,123,602,440,866,
anonymous-mandibularView-1727431008520.jpg,0,0,1409,368,1701,627,
anonymous-mandibularView-1727431008520.jpg,0,0,1380,545,1642,818,
anonymous-mandibularView-1727433589106.jpg,0,0,141,446,383,668,
anonymous-mandibularView-1727433589106.jpg,0,0,1082,376,1298,590,
anonymous-mandibularView-1727433589106.jpg,0,0,1163,217,1343,412,
anonymous-mandibularView-1727433589106.jpg,0,0,111,281,311,454,
anonymous-mandibularView-1727433589106.jpg,0,0,1190,93,1334,217,
anonymous-mandibularView-1727771992745.jpg,0,0,1376,194,1622,383,
anonymous-mandibularView-1727771992745.jpg,0,0,1345,359,1601,565,
anonymous-mandibularView-1727771992745.jpg,0,0,263,438,551,676,
anonymous-mandibularView-1727771992745.jpg,0,0,161,271,438,496,
anonymous-mandibularView-1727868820474.jpg,0,0,1076,163,1099,167,
anonymous-mandibularView-1727868820474.jpg,0,0,1067,182,1289,391,
anonymous-mandibularView-1727868820474.jpg,0,0,62,189,266,389,
anonymous-mandibularView-1727868820474.jpg,0,0,1007,335,1250,569,
anonymous-mandibularView-1727868820474.jpg,0,0,963,498,1161,662,
anonymous-mandibularView-1727868820474.jpg,0,0,148,510,348,649,
anonymous-maxillaryView-1726818272842.jpg,0,0,1406,712,1646,870,
anonymous-maxillaryView-1726818272842.jpg,0,0,1410,774,1704,1018,
anonymous-maxillaryView-1726818272842.jpg,0,0,1420,964,1676,1082,
anonymous-maxillaryView-1726818272842.jpg,0,0,138,716,370,874,
anonymous-maxillaryView-1726818272842.jpg,0,0,72,794,364,1018,
anonymous-maxillaryView-1726818272842.jpg,0,0,74,970,312,1098,
anonymous-maxillaryView-1727160761306.jpg,0,0,2042,908,2445,1177,
anonymous-maxillaryView-1727160761306.jpg,0,0,683,896,988,1118,
anonymous-maxillaryView-1727160761306.jpg,0,0,643,1068,1021,1334,
anonymous-maxillaryView-1727160761306.jpg,0,0,2054,1137,2378,1277,
anonymous-maxillaryView-1727327113592.jpg,0,0,2044,1528,2410,1713,
anonymous-maxillaryView-1727327113592.jpg,0,0,2071,1330,2539,1576,
anonymous-maxillaryView-1727327113592.jpg,0,0,148,1315,483,1559,
anonymous-maxillaryView-1727340387588.jpg,0,0,180,1106,712,1448,
anonymous-maxillaryView-1727340387588.jpg,0,0,151,1396,651,1603,
anonymous-maxillaryView-1727340387588.jpg,0,0,2086,1038,2543,1398,
anonymous-maxillaryView-1727411807568.jpg,0,0,565,1158,1045,1512,
anonymous-maxillaryView-1727411807568.jpg,0,0,2334,1253,2837,1542,
anonymous-maxillaryView-1727411807568.jpg,0,0,2362,1486,2847,1709,
anonymous-maxillaryView-1727411807568.jpg,0,0,2350,1640,2855,1958,
anonymous-maxillaryView-1727411807568.jpg,0,0,637,924,1109,1283,
anonymous-maxillaryView-1727759978916.jpg,0,0,2106,1233,2609,1682,
anonymous-maxillaryView-1727778452432.jpg,0,0,493,208,720,446,
anonymous-maxillaryView-1727868347839.jpg,0,0,332,432,592,660,
anonymous-maxillaryView-1727868347839.jpg,0,0,297,599,556,788,
anonymous-maxillaryView-1727868347839.jpg,0,0,1333,592,1582,764,
anonymous-maxillaryView-1727868347839.jpg,0,0,1356,749,1596,907,
anonymous-maxillaryView-1727868347839.jpg,0,0,1417,1065,1660,1203,
anonymous-maxillaryView-1727868347839.jpg,0,0,183,703,491,992,
anonymous-maxillaryView-1727868347839.jpg,0,0,158,888,399,1096,
anonymous-maxillaryView-1727868347839.jpg,0,0,1400,849,1664,1101,
anonymous-maxillaryView-1727868347839.jpg,0,0,1456,1199,1630,1303,
anonymous-rightLateralView-1727868621582.jpg,0,0,358,443,565,574,
anonymous-rightLateralView-1727879886967.jpg,0,0,770,236,1052,584,
anonymous_003-007-1006-00_1731044633484_Mandibular_View.jpg,0,0,127,704,599,1146,
anonymous_003-007-1006-00_1731044633484_Mandibular_View.jpg,0,0,2141,458,2618,937,
anonymous_003-007-1006-00_1731044633484_Mandibular_View.jpg,0,0,71,332,478,753,
anonymous_003-007-1056-00_1731387137891_Mandibular_View.jpg,0,0,74,138,441,499,
anonymous_003-007-1056-00_1731387137891_Mandibular_View.jpg,0,0,1856,711,2201,1099,
anonymous_003-007-1059-01_1731392005920_Mandibular_View.jpg,0,0,145,468,637,795,
anonymous_003-007-1059-01_1731392005920_Mandibular_View.jpg,0,0,2230,484,2768,976,
anonymous_003-007-1061-01_1731394531816_Maxillary_Occlusal_View.jpg,0,0,169,1036,765,1403,
anonymous_003-007-1061-01_1731394531816_Maxillary_Occlusal_View.jpg,0,0,23,1528,569,1978,
anonymous_003-007-1061-01_1731394531816_Maxillary_Occlusal_View.jpg,0,0,2590,1911,3098,2182,
anonymous_003-007-1061-01_1731394531816_Maxillary_Occlusal_View.jpg,0,0,98,1894,594,2186,
anonymous_003-007-1080-00_1731475512134_Maxillary_Occlusal_View.jpg,0,0,2736,1128,3231,1465,
anonymous_003-007-1095-01_1732255771018_Mandibular_View.jpg,0,0,52,200,470,560,
anonymous_003-007-1095-01_1732255771018_Mandibular_View.jpg,0,0,170,551,591,921,
anonymous_003-007-1095-01_1732255771018_Mandibular_View.jpg,0,0,1918,151,2315,521,
anonymous_003-007-1095-01_1732255771018_Mandibular_View.jpg,0,0,1867,515,2240,894,
anonymous_003-007-1098-00_1732258945547_Maxillary_Occlusal_View.jpg,0,0,37,1095,513,1454,
anonymous_003-007-1098-00_1732258945547_Maxillary_Occlusal_View.jpg,0,0,2113,1095,2626,1336,
anonymous_003-007-1098-00_1732258945547_Right_Lateral_View.jpg,0,0,243,359,536,609,
anonymous_003-007-1125-01_1732514795040_Mandibular_View.jpg,0,0,1749,97,2143,492,
anonymous_003-007-1125-01_1732514795040_Mandibular_View.jpg,0,0,1697,434,2104,859,
anonymous_003-007-1125-01_1732514795040_Mandibular_View.jpg,0,0,74,636,472,1080,
anonymous_003-007-1147-00_1732601448785_Maxillary_Occlusal_View.jpg,0,0,168,1203,581,1456,
anonymous_003-007-1147-00_1732601448785_Maxillary_Occlusal_View.jpg,0,0,2294,1358,2761,1710,
anonymous_003-007-1164-01_1732681409763_Mandibular_View.jpg,0,0,1877,393,2318,793,
anonymous_003-007-1164-01_1732681409763_Mandibular_View.jpg,0,0,211,601,668,982,
anonymous_003-007-1164-01_1732681409763_Mandibular_View.jpg,0,0,150,327,535,682,
anonymous_003-007-1164-01_1732681409763_Maxillary_Occlusal_View.jpg,0,0,118,1251,652,1691,
anonymous_003-007-1164-01_1732681409763_Maxillary_Occlusal_View.jpg,0,0,128,1536,580,1889,
anonymous_003-007-1172-00_1732692324606_Maxillary_Occlusal_View.jpg,0,0,162,1376,678,1873,
anonymous_003-007-1172-00_1732692324606_Maxillary_Occlusal_View.jpg,0,0,210,1776,586,2130,
anonymous_003-007-1172-00_1732692324606_Maxillary_Occlusal_View.jpg,0,0,2202,1435,2748,1873,
anonymous_003-007-1172-00_1732692324606_Maxillary_Occlusal_View.jpg,0,0,2272,1776,2732,2146,
anonymous_003-007-1173-01_1732693678905_Mandibular_View.jpg,0,0,27,111,371,455,
anonymous_003-007-1173-01_1732693678905_Mandibular_View.jpg,0,0,103,428,477,807,
anonymous_003-007-1173-01_1732693678905_Mandibular_View.jpg,0,0,1669,361,2053,768,
anonymous_003-007-1173-01_1732693678905_Mandibular_View.jpg,0,0,1730,28,2109,405,
anonymous_003-007-1213-01_1732862150627_Maxillary_Occlusal_View.jpg,0,0,93,1419,545,1685,
anonymous_003-007-1215-01_1732863751319_Mandibular_View.jpg,0,0,54,215,480,602,
anonymous_003-007-1215-01_1732863751319_Mandibular_View.jpg,0,0,133,539,567,984,
anonymous_003-007-1215-01_1732863751319_Mandibular_View.jpg,0,0,1917,63,2330,443,
anonymous_003-007-1215-01_1732863751319_Mandibular_View.jpg,0,0,1852,417,2313,837,
anonymous_003-007-1215-01_1732863751319_Right_Lateral_View.jpg,0,0,300,726,547,896,
anonymous_003-007-1216-00_1732864099480_Maxillary_Occlusal_View.jpg,0,0,134,1217,611,1587,
anonymous_003-007-1216-00_1732864099480_Maxillary_Occlusal_View.jpg,0,0,200,1514,538,1773,
anonymous_003-007-1216-00_1732864099480_Maxillary_Occlusal_View.jpg,0,0,1975,1451,2327,1723,
anonymous_003-007-1236-01_1732949543707_Maxillary_Occlusal_View.jpg,0,0,2055,978,2530,1212,
anonymous_003-007-1236-01_1732949543707_Maxillary_Occlusal_View.jpg,0,0,114,1432,496,1664,
anonymous_003-007-1236-01_1732949543707_Maxillary_Occlusal_View.jpg,0,0,251,768,660,1050,
anonymous_003-007-1237-00_1732950198369_Mandibular_View.jpg,0,0,1964,78,2310,420,
anonymous_003-007-1239-00_1732953329744_Maxillary_Occlusal_View.jpg,0,0,48,1594,498,1899,
anonymous_003-007-1239-00_1732953329744_Maxillary_Occlusal_View.jpg,0,0,2181,1236,2648,1529,
anonymous_003-007-1239-00_1732953329744_Maxillary_Occlusal_View.jpg,0,0,2238,1856,2734,2084,
anonymous_003-007-1262-01_1733124217293_Maxillary_Occlusal_View.jpg,0,0,144,976,575,1373,
anonymous_003-007-1262-01_1733124217293_Maxillary_Occlusal_View.jpg,0,0,127,1333,594,1700,
anonymous_003-007-1262-01_1733124217293_Maxillary_Occlusal_View.jpg,0,0,2099,1428,2580,1781,
anonymous_003-007-1280-01_1733292935145_Mandibular_View.jpg,0,0,37,99,499,524,
anonymous_003-007-1280-01_1733292935145_Mandibular_View.jpg,0,0,92,474,633,922,
anonymous_003-007-1280-01_1733292935145_Mandibular_View.jpg,0,0,1924,486,2433,918,
anonymous_003-007-1283-00_1733297000416_Mandibular_View.jpg,0,0,2107,414,2581,774,
anonymous_003-007-1283-00_1733297000416_Mandibular_View.jpg,0,0,269,767,702,1179,
anonymous_003-007-1316-01_1733462861973_Maxillary_Occlusal_View.jpg,0,0,149,1182,659,1608,
anonymous_003-007-1316-01_1733462861973_Maxillary_Occlusal_View.jpg,0,0,2177,1006,2587,1306,
anonymous_003-007-1316-01_1733462861973_Maxillary_Occlusal_View.jpg,0,0,2167,1244,2667,1647,
anonymous_003-007-1316-01_1733462861973_Maxillary_Occlusal_View.jpg,0,0,2213,1616,2651,1859,
anonymous_003-007-1319-00_1733466947980_Mandibular_View.jpg,0,0,1884,122,2235,463,
anonymous_003-007-1319-00_1733466947980_Mandibular_View.jpg,0,0,1762,404,2189,838,
anonymous_003-007-1319-00_1733466947980_Mandibular_View.jpg,0,0,15,155,370,514,
anonymous_003-007-1319-00_1733466947980_Mandibular_View.jpg,0,0,99,450,519,848,
anonymous_003-007-1334-01_1733549416124_Maxillary_Occlusal_View.jpg,0,0,2155,1315,2613,1726,
anonymous_003-007-1343-01_1733556695047_Mandibular_View.jpg,0,0,135,11,529,395,
anonymous_003-007-1343-01_1733556695047_Mandibular_View.jpg,0,0,222,343,622,743,
anonymous_003-007-1343-01_1733556695047_Mandibular_View.jpg,0,0,331,650,655,950,
anonymous_003-007-1343-01_1733556695047_Mandibular_View.jpg,0,0,2003,2,2366,393,
anonymous_003-007-1343-01_1733556695047_Mandibular_View.jpg,0,0,1892,308,2303,734,
anonymous_003-007-1343-01_1733556695047_Mandibular_View.jpg,0,0,1827,628,2142,945,
anonymous_003-007-1359-00_1733722491507_Maxillary_Occlusal_View.jpg,0,0,208,847,687,1228,
anonymous_003-007-1361-00_1733724284664_Mandibular_View.jpg,0,0,264,528,564,893,
anonymous_003-007-1382-00_1733807613592_Maxillary_Occlusal_View.jpg,0,0,211,1039,611,1342,
anonymous_003-007-1382-00_1733807613592_Maxillary_Occlusal_View.jpg,0,0,84,1249,579,1683,
anonymous_003-007-1382-00_1733807613592_Maxillary_Occlusal_View.jpg,0,0,2062,866,2526,1183,
anonymous_003-007-1387-01_1733816504123_Mandibular_View.jpg,0,0,135,254,508,606,
anonymous_003-007-1387-01_1733816504123_Mandibular_View.jpg,0,0,181,535,606,942,
anonymous_003-007-1387-01_1733816504123_Mandibular_View.jpg,0,0,1948,77,2391,435,
anonymous_003-007-1387-01_1733816504123_Mandibular_View.jpg,0,0,1862,381,2312,789,
anonymous_003-007-1387-01_1733816504123_Maxillary_Occlusal_View.jpg,0,0,57,1200,557,1580,
anonymous_003-007-1387-01_1733816504123_Maxillary_Occlusal_View.jpg,0,0,169,782,612,1089,
anonymous_003-007-1387-01_1733816504123_Maxillary_Occlusal_View.jpg,0,0,121,1032,566,1259,
anonymous_003-007-1387-01_1733816504123_Maxillary_Occlusal_View.jpg,0,0,2021,1268,2498,1594,
anonymous_003-007-1387-01_1733816504123_Maxillary_Occlusal_View.jpg,0,0,1946,832,2405,1121,
anonymous_003-007-1387-01_1733816504123_Maxillary_Occlusal_View.jpg,0,0,1991,1100,2439,1294,
anonymous_003-007-1397-01_1733892390896_Maxillary_Occlusal_View.jpg,0,0,222,971,656,1404,
anonymous_003-007-1397-01_1733892390896_Maxillary_Occlusal_View.jpg,0,0,176,1297,609,1715,
anonymous_003-007-1397-01_1733892390896_Maxillary_Occlusal_View.jpg,0,0,1939,1397,2426,1832,
anonymous_003-007-1398-00_1733892905827_Maxillary_Occlusal_View.jpg,0,0,218,1409,739,1852,
anonymous_003-007-1398-00_1733892905827_Maxillary_Occlusal_View.jpg,0,0,266,1806,780,2193,
anonymous_003-007-1399-01_1733893694425_Mandibular_View.jpg,0,0,2093,168,2521,616,
anonymous_003-007-1399-01_1733893694425_Mandibular_View.jpg,0,0,1950,520,2423,994,
anonymous_003-007-1399-01_1733893694425_Mandibular_View.jpg,0,0,191,439,623,870,
anonymous_003-007-1399-01_1733893694425_Mandibular_View.jpg,0,0,287,789,632,1076,
anonymous_003-007-1404-00_1733900046678_Maxillary_Occlusal_View.jpg,0,0,1846,845,2231,1130,
anonymous_003-007-1404-00_1733900046678_Maxillary_Occlusal_View.jpg,0,0,1929,1391,2348,1641,
anonymous_003-007-1404-00_1733900046678_Maxillary_Occlusal_View.jpg,0,0,1865,1051,2352,1451,
anonymous_003-007-1405-01_1733903046895_Mandibular_View.jpg,0,0,2195,78,2626,500,
anonymous_003-007-1446-00_1734067718905_Maxillary_Occlusal_View.jpg,0,0,220,981,623,1249,
anonymous_003-007-1446-00_1734067718905_Maxillary_Occlusal_View.jpg,0,0,2128,1103,2542,1318,
anonymous_003-007-1446-00_1734067718905_Maxillary_Occlusal_View.jpg,0,0,150,1496,584,1793,
anonymous_003-007-1446-00_1734067718905_Maxillary_Occlusal_View.jpg,0,0,2199,1593,2628,1862,
anonymous_003-007-1446-00_1734067718905_Maxillary_Occlusal_View.jpg,0,0,2169,1267,2640,1659,
anonymous_003-007-1450-00_1734072285446_Mandibular_View.jpg,0,0,32,369,434,788,
anonymous_003-007-1450-00_1734072285446_Mandibular_View.jpg,0,0,109,685,579,1144,
anonymous_003-007-1450-00_1734072285446_Mandibular_View.jpg,0,0,2098,176,2577,603,
anonymous_003-007-1450-00_1734072285446_Mandibular_View.jpg,0,0,1995,533,2536,1033,
anonymous_003-007-1453-01_1734076182590_Mandibular_View.jpg,0,0,166,257,568,635,
anonymous_003-007-1453-01_1734076182590_Mandibular_View.jpg,0,0,164,577,624,1021,
anonymous_003-007-1453-01_1734076182590_Mandibular_View.jpg,0,0,2242,233,2688,648,
anonymous_003-007-1453-01_1734076182590_Mandibular_View.jpg,0,0,2183,570,2681,1057,
anonymous_003-007-582-01_1728975199886_Mandibular_View.jpg,0,0,2112,42,2428,320,
anonymous_003-007-582-01_1728975199886_Mandibular_View.jpg,0,0,244,63,622,320,
anonymous_003-007-584-01_1728978916496_Mandibular_View.jpg,0,0,119,416,555,834,
anonymous_003-007-584-01_1728978916496_Mandibular_View.jpg,0,0,1698,452,2115,831,
anonymous_003-007-611-00_1729064406517_Maxillary_Occlusal_View.jpg,0,0,626,840,1166,1204,
anonymous_003-007-611-00_1729064406517_Maxillary_Occlusal_View.jpg,0,0,346,1396,890,1944,
anonymous_003-007-611-00_1729064406517_Maxillary_Occlusal_View.jpg,0,0,354,1820,898,2160,
anonymous_003-007-611-00_1729064406517_Maxillary_Occlusal_View.jpg,0,0,2750,1300,3258,1592,
anonymous_003-007-611-00_1729064406517_Maxillary_Occlusal_View.jpg,0,0,2754,1552,3314,1996,
anonymous_003-007-611-00_1729064406517_Maxillary_Occlusal_View.jpg,0,0,2686,1884,3210,2200,
anonymous_003-007-631-01_1729143366138_Mandibular_View.jpg,0,0,30,260,504,660,
anonymous_003-007-631-01_1729143366138_Mandibular_View.jpg,0,0,1984,53,2481,534,
anonymous_003-007-642-00_1729154783455_Left_Lateral_View.jpg,0,0,904,391,1177,581,
anonymous_003-007-662-01_1729231169609_Left_Lateral_View.jpg,0,0,718,629,994,905,
anonymous_003-007-663-00_1729231959410_Right_Lateral_View.jpg,0,0,573,881,1023,1146,
anonymous_003-007-663-00_1729231959410_Right_Lateral_View.jpg,0,0,742,1081,1188,1381,
anonymous_003-007-693-01_1729314947717_Maxillary_Occlusal_View.jpg,0,0,1746,882,2048,1090,
anonymous_003-007-693-01_1729314947717_Maxillary_Occlusal_View.jpg,0,0,1770,1055,2097,1350,
anonymous_003-007-697-01_1729320929604_Frontal_View.jpg,0,0,156,371,300,505,
anonymous_003-007-698-00_1729321479031_Mandibular_View.jpg,0,0,59,286,300,503,
anonymous_003-007-698-00_1729321479031_Mandibular_View.jpg,0,0,1091,107,1252,283,
anonymous_003-007-698-00_1729321479031_Mandibular_View.jpg,0,0,1028,266,1237,457,
anonymous_003-007-698-00_1729321479031_Mandibular_View.jpg,0,0,1026,430,1185,546,
anonymous_003-007-711-00_1729486430166_Maxillary_Occlusal_View.jpg,0,0,40,984,466,1259,
anonymous_003-007-711-00_1729486430166_Maxillary_Occlusal_View.jpg,0,0,1658,731,1958,882,
anonymous_003-007-711-00_1729486430166_Maxillary_Occlusal_View.jpg,0,0,1631,874,1997,1105,
anonymous_003-007-720-01_1729497532540_Mandibular_View.jpg,0,0,60,47,300,273,
anonymous_003-007-720-01_1729497532540_Mandibular_View.jpg,0,0,112,267,351,496,
anonymous_003-007-720-01_1729497532540_Mandibular_View.jpg,0,0,1322,35,1578,278,
anonymous_003-007-720-01_1729497532540_Mandibular_View.jpg,0,0,1225,253,1509,505,
anonymous_003-007-720-01_1729497532540_Mandibular_View.jpg,0,0,1162,476,1391,654,
anonymous_003-007-720-01_1729497532540_Mandibular_View.jpg,0,0,162,500,376,669,
anonymous_003-007-753-00_1729659446300_Mandibular_View.jpg,0,0,1768,360,2154,746,
anonymous_003-007-753-00_1729659446300_Mandibular_View.jpg,0,0,1805,694,2154,985,
anonymous_003-007-753-00_1729659446300_Mandibular_View.jpg,0,0,191,385,594,754,
anonymous_003-007-753-00_1729659446300_Mandibular_View.jpg,0,0,142,26,499,394,
anonymous_003-007-753-00_1729659446300_Mandibular_View.jpg,0,0,1791,46,2168,371,
anonymous_003-007-767-00_1729747427987_Maxillary_Occlusal_View.jpg,0,0,886,237,1308,656,
anonymous_003-007-767-00_1729747427987_Maxillary_Occlusal_View.jpg,0,0,446,1313,935,1632,
anonymous_003-007-767-00_1729747427987_Maxillary_Occlusal_View.jpg,0,0,454,1948,895,2197,
anonymous_003-007-767-00_1729747427987_Maxillary_Occlusal_View.jpg,0,0,2778,1564,3332,1975,
anonymous_003-007-774-00_1729755584991_Maxillary_Occlusal_View.jpg,0,0,88,1856,540,2118,
anonymous_003-007-788-00_1729839721436_Mandibular_View.jpg,0,0,34,106,316,335,
anonymous_003-007-788-00_1729839721436_Mandibular_View.jpg,0,0,128,314,432,559,
anonymous_003-007-788-00_1729839721436_Mandibular_View.jpg,0,0,238,528,463,677,
anonymous_003-007-788-00_1729839721436_Mandibular_View.jpg,0,0,1293,53,1522,241,
anonymous_003-007-788-00_1729839721436_Mandibular_View.jpg,0,0,1277,241,1548,449,
anonymous_003-007-788-00_1729839721436_Mandibular_View.jpg,0,0,1299,430,1532,559,
anonymous_003-007-788-00_1729839721436_Mandibular_View.jpg,0,0,1277,561,1504,731,
anonymous_003-007-806-00_1729919233160_Maxillary_Occlusal_View.jpg,0,0,217,1242,813,1650,
anonymous_003-007-806-00_1729919233160_Maxillary_Occlusal_View.jpg,0,0,113,1568,778,2072,
anonymous_003-007-806-00_1729919233160_Maxillary_Occlusal_View.jpg,0,0,100,1976,730,2342,
anonymous_003-007-806-00_1729919233160_Maxillary_Occlusal_View.jpg,0,0,2570,1289,3091,1611,
anonymous_003-007-806-00_1729919233160_Maxillary_Occlusal_View.jpg,0,0,2487,1559,3074,1963,
anonymous_003-007-806-00_1729919233160_Maxillary_Occlusal_View.jpg,0,0,2465,1889,2970,2185,
anonymous_003-007-830-00_1730091915668_Mandibular_View.jpg,0,0,29,228,331,556,
anonymous_003-007-830-00_1730091915668_Mandibular_View.jpg,0,0,1673,144,1989,442,
anonymous_003-007-830-00_1730091915668_Mandibular_View.jpg,0,0,1596,419,1941,716,
anonymous_003-007-830-00_1730091915668_Mandibular_View.jpg,0,0,1550,686,1831,937,
anonymous_003-007-837-00_1730101031010_Mandibular_View.jpg,0,0,1868,264,2256,628,
anonymous_003-007-843-01_1730177825800_Mandibular_View.jpg,0,0,2183,64,2600,488,
anonymous_003-007-846-00_1730181536968_Mandibular_View.jpg,0,0,1772,400,2206,802,
anonymous_003-007-846-00_1730181536968_Mandibular_View.jpg,0,0,1708,721,2110,1136,
anonymous_003-007-846-00_1730181536968_Mandibular_View.jpg,0,0,193,456,614,861,
anonymous_003-007-846-00_1730181536968_Mandibular_View.jpg,0,0,1706,719,2108,1134,
anonymous_003-007-867-01_1730261098640_Mandibular_View.jpg,0,0,67,538,450,892,
anonymous_003-007-874-01_1730269462019_Mandibular_View.jpg,0,0,67,145,495,559,
anonymous_003-007-874-01_1730269462019_Mandibular_View.jpg,0,0,156,523,551,928,
anonymous_003-007-874-01_1730269462019_Mandibular_View.jpg,0,0,359,853,653,1245,
anonymous_003-007-874-01_1730269462019_Mandibular_View.jpg,0,0,1803,520,2195,881,
anonymous_003-007-874-01_1730269462019_Mandibular_View.jpg,0,0,1742,834,2051,1139,
anonymous_003-007-874-01_1730269462019_Mandibular_View.jpg,0,0,1987,148,2323,606,
anonymous_003-007-877-01_1730274074804_Mandibular_View.jpg,0,0,2137,439,2602,939,
anonymous_003-007-877-01_1730274074804_Mandibular_View.jpg,0,0,209,429,616,811,
anonymous_003-007-877-01_1730274074804_Mandibular_View.jpg,0,0,270,794,635,1208,
anonymous_003-007-877-01_1730274074804_Mandibular_View.jpg,0,0,179,76,602,457,
anonymous_003-007-877-01_1730274074804_Mandibular_View.jpg,0,0,2207,97,2637,457,
anonymous_003-007-896-01_1730347046750_Mandibular_View.jpg,0,0,1950,125,2369,460,
anonymous_003-007-896-01_1730347046750_Mandibular_View.jpg,0,0,1872,456,2319,760,
anonymous_003-007-896-01_1730347046750_Mandibular_View.jpg,0,0,1800,750,2222,1135,
anonymous_003-007-901-00_1730354419378_Mandibular_View.jpg,0,0,72,97,390,378,
anonymous_003-007-901-00_1730354419378_Mandibular_View.jpg,0,0,148,339,511,673,
anonymous_003-007-901-00_1730354419378_Mandibular_View.jpg,0,0,1651,311,1976,634,
anonymous_003-007-901-00_1730354419378_Mandibular_View.jpg,0,0,1639,596,1907,860,
anonymous_003-007-923-00_1730699938519_Mandibular_View.jpg,0,0,89,120,464,463,
anonymous_003-007-923-00_1730699938519_Mandibular_View.jpg,0,0,1895,172,2277,481,
anonymous_003-007-923-00_1730699938519_Mandibular_View.jpg,0,0,1834,469,2258,793,
anonymous_003-007-923-00_1730699938519_Mandibular_View.jpg,0,0,168,460,586,830,
anonymous_003-007-923-00_1730699938519_Mandibular_View.jpg,0,0,1795,751,2107,1008,
anonymous_003-007-950-00_1730792603619_Left_Lateral_View.jpg,0,0,520,549,776,765,
anonymous_003-007-962-00_1730870024975_Mandibular_View.jpg,0,0,1976,643,2418,1138,
anonymous_003-007-963-01_1730871948653_Maxillary_Occlusal_View.jpg,0,0,2496,1771,3153,2257,
anonymous_003-007-965-01_1730877244468_Maxillary_Occlusal_View.jpg,0,0,2288,1279,2756,1579,
anonymous_003-007-965-01_1730877244468_Maxillary_Occlusal_View.jpg,0,0,8,1491,524,1947,
anonymous_003-007-986-01_1730958260724_Maxillary_Occlusal_View.jpg,0,0,326,1356,867,1884,
anonymous_003-007-986-01_1730958260724_Maxillary_Occlusal_View.jpg,0,0,2704,1819,3376,2303,
anonymous_003-008-1073-01_1731417937700_Mandibular_View.jpg,0,0,49,103,246,318,
anonymous_003-008-1073-01_1731417937700_Mandibular_View.jpg,0,0,73,307,328,534,
anonymous_003-008-1073-01_1731417937700_Mandibular_View.jpg,0,0,1117,261,1348,490,
anonymous_003-008-1104-00_1732272483924_Mandibular_View.jpg,0,0,1010,186,1213,377,
anonymous_003-008-1104-00_1732272483924_Mandibular_View.jpg,0,0,943,323,1173,553,
anonymous_003-008-1116-00_1732364867658_Left_Lateral_View.jpg,0,0,0,1,0,2,
anonymous_003-008-1116-00_1732364867658_Left_Lateral_View.jpg,0,0,0,2,0,2,
anonymous_003-008-1116-00_1732364867658_Left_Lateral_View.jpg,0,0,2,1,2,2,
anonymous_003-008-1119-01_1732368732116_Mandibular_View.jpg,0,0,55,197,280,392,
anonymous_003-008-1119-01_1732368732116_Mandibular_View.jpg,0,0,65,387,312,606,
anonymous_003-008-1119-01_1732368732116_Mandibular_View.jpg,0,0,1100,451,1317,670,
anonymous_003-008-1119-01_1732368732116_Mandibular_View.jpg,0,0,1147,285,1344,469,
anonymous_003-008-1131-01_1732527801310_Frontal_View.jpg,0,0,69,305,150,408,
anonymous_003-008-1132-00_1732528430246_Mandibular_View.jpg,0,0,63,351,316,584,
anonymous_003-008-1132-00_1732528430246_Mandibular_View.jpg,0,0,1036,263,1287,516,
anonymous_003-008-1136-00_1732533544748_Maxillary_Occlusal_View.jpg,0,0,124,464,404,696,
anonymous_003-008-1136-00_1732533544748_Maxillary_Occlusal_View.jpg,0,0,79,664,338,817,
anonymous_003-008-1136-00_1732533544748_Maxillary_Occlusal_View.jpg,0,0,2,720,327,1004,
anonymous_003-008-1136-00_1732533544748_Maxillary_Occlusal_View.jpg,0,0,17,956,308,1139,
anonymous_003-008-1136-00_1732533544748_Maxillary_Occlusal_View.jpg,0,0,1204,454,1486,678,
anonymous_003-008-1136-00_1732533544748_Maxillary_Occlusal_View.jpg,0,0,1283,612,1557,790,
anonymous_003-008-1136-00_1732533544748_Maxillary_Occlusal_View.jpg,0,0,1307,717,1617,981,
anonymous_003-008-1136-00_1732533544748_Maxillary_Occlusal_View.jpg,0,0,1323,948,1613,1114,
anonymous_003-008-1137-01_1732535092563_Maxillary_Occlusal_View.jpg,0,0,105,570,342,787,
anonymous_003-008-1137-01_1732535092563_Maxillary_Occlusal_View.jpg,0,0,1087,340,1274,535,
anonymous_003-008-1137-01_1732535092563_Maxillary_Occlusal_View.jpg,0,0,1142,492,1379,713,
anonymous_003-008-1152-01_1732614762131_Mandibular_View.jpg,0,0,16,111,240,294,
anonymous_003-008-1152-01_1732614762131_Mandibular_View.jpg,0,0,1025,94,1247,290,
anonymous_003-008-1152-01_1732614762131_Mandibular_View.jpg,0,0,975,266,1204,476,
anonymous_003-008-1152-01_1732614762131_Mandibular_View.jpg,0,0,34,284,274,492,
anonymous_003-008-1158-01_1732623667368_Mandibular_View.jpg,0,0,26,217,242,420,
anonymous_003-008-1158-01_1732623667368_Mandibular_View.jpg,0,0,85,386,315,589,
anonymous_003-008-1158-01_1732623667368_Mandibular_View.jpg,0,0,996,319,1203,521,
anonymous_003-008-1158-01_1732623667368_Mandibular_View.jpg,0,0,1045,147,1245,351,
anonymous_003-008-1183-01_1732710009967_Mandibular_View.jpg,0,0,1294,116,1492,279,
anonymous_003-008-1183-01_1732710009967_Mandibular_View.jpg,0,0,1217,278,1478,525,
anonymous_003-008-1183-01_1732710009967_Mandibular_View.jpg,0,0,51,332,352,628,
anonymous_003-008-1184-00_1732710518322_Mandibular_View.jpg,0,0,1037,193,1209,313,
anonymous_003-008-1184-00_1732710518322_Mandibular_View.jpg,0,0,979,296,1196,515,
anonymous_003-008-1184-00_1732710518322_Mandibular_View.jpg,0,0,49,287,272,505,
anonymous_003-008-1185-01_1732712307535_Mandibular_View.jpg,0,0,24,134,231,347,
anonymous_003-008-1185-01_1732712307535_Mandibular_View.jpg,0,0,1163,167,1356,351,
anonymous_003-008-1185-01_1732712307535_Mandibular_View.jpg,0,0,67,317,309,541,
anonymous_003-008-1185-01_1732712307535_Mandibular_View.jpg,0,0,1099,331,1317,528,
anonymous_003-008-1188-00_1732714947165_Left_Lateral_View.jpg,0,0,0,1,0,2,
anonymous_003-008-1188-00_1732714947165_Left_Lateral_View.jpg,0,0,1,2,2,2,
anonymous_003-008-1188-00_1732714947165_Left_Lateral_View.jpg,0,0,0,2,0,2,
anonymous_003-008-1188-00_1732714947165_Left_Lateral_View.jpg,0,0,1,2,2,2,
anonymous_003-008-1188-00_1732714947165_Left_Lateral_View.jpg,0,0,1,1,2,2,
anonymous_003-008-1203-01_1732790749679_Maxillary_Occlusal_View.jpg,0,0,1200,845,1500,1024,
anonymous_003-008-1203-01_1732790749679_Maxillary_Occlusal_View.jpg,0,0,1176,528,1418,678,
anonymous_003-008-1206-00_1732794547718_Mandibular_View.jpg,0,0,99,106,335,323,
anonymous_003-008-1206-00_1732794547718_Mandibular_View.jpg,0,0,127,282,382,482,
anonymous_003-008-1206-00_1732794547718_Mandibular_View.jpg,0,0,182,451,382,596,
anonymous_003-008-1206-00_1732794547718_Mandibular_View.jpg,0,0,1132,252,1386,462,
anonymous_003-008-1244-01_1732962596526_Mandibular_View.jpg,0,0,12,183,205,392,
anonymous_003-008-1244-01_1732962596526_Mandibular_View.jpg,0,0,48,334,299,572,
anonymous_003-008-1244-01_1732962596526_Mandibular_View.jpg,0,0,150,501,332,686,
anonymous_003-008-1244-01_1732962596526_Mandibular_View.jpg,0,0,1125,324,1353,544,
anonymous_003-008-1244-01_1732962596526_Mandibular_View.jpg,0,0,1198,174,1378,359,
anonymous_003-008-1246-01_1732965077773_Mandibular_View.jpg,0,0,115,68,351,295,
anonymous_003-008-1246-01_1732965077773_Mandibular_View.jpg,0,0,158,262,432,493,
anonymous_003-008-1246-01_1732965077773_Mandibular_View.jpg,0,0,1141,232,1405,454,
anonymous_003-008-1247-00_1732965457605_Maxillary_Occlusal_View.jpg,0,0,58,671,349,900,
anonymous_003-008-1270-01_1733137830204_Mandibular_View.jpg,0,0,27,172,219,378,
anonymous_003-008-1270-01_1733137830204_Mandibular_View.jpg,0,0,63,360,285,571,
anonymous_003-008-1270-01_1733137830204_Mandibular_View.jpg,0,0,1009,318,1227,543,
anonymous_003-008-1271-00_1733138221922_Mandibular_View.jpg,0,0,43,258,256,467,
anonymous_003-008-1271-00_1733138221922_Mandibular_View.jpg,0,0,82,433,319,658,
anonymous_003-008-1271-00_1733138221922_Mandibular_View.jpg,0,0,1086,394,1342,623,
anonymous_003-008-1308-00_1733401560725_Maxillary_Occlusal_View.jpg,0,0,110,529,347,686,
anonymous_003-008-1308-00_1733401560725_Maxillary_Occlusal_View.jpg,0,0,1123,592,1358,750,
anonymous_003-008-1308-00_1733401560725_Maxillary_Occlusal_View.jpg,0,0,1135,708,1414,927,
anonymous_003-008-1308-00_1733401560725_Maxillary_Occlusal_View.jpg,0,0,76,646,326,881,
anonymous_003-008-1322-01_1733477951014_Mandibular_View.jpg,0,0,16,126,209,318,
anonymous_003-008-1322-01_1733477951014_Mandibular_View.jpg,0,0,876,139,1069,343,
anonymous_003-008-1322-01_1733477951014_Mandibular_View.jpg,0,0,52,292,260,491,
anonymous_003-008-1322-01_1733477951014_Mandibular_View.jpg,0,0,838,325,1045,503,
anonymous_003-008-1322-01_1733477951014_Maxillary_Occlusal_View.jpg,0,0,22,485,270,720,
anonymous_003-008-1322-01_1733477951014_Maxillary_Occlusal_View.jpg,0,0,20,664,242,825,
anonymous_003-008-1322-01_1733477951014_Maxillary_Occlusal_View.jpg,0,0,972,563,1215,764,
anonymous_003-008-1322-01_1733477951014_Maxillary_Occlusal_View.jpg,0,0,132,283,341,436,
anonymous_003-008-1323-00_1733478439118_Maxillary_Occlusal_View.jpg,0,0,15,601,290,827,
anonymous_003-008-1323-00_1733478439118_Maxillary_Occlusal_View.jpg,0,0,35,775,288,931,
anonymous_003-008-1323-00_1733478439118_Maxillary_Occlusal_View.jpg,0,0,1072,605,1336,838,
anonymous_003-008-1323-00_1733478439118_Maxillary_Occlusal_View.jpg,0,0,1045,499,1255,639,
anonymous_003-008-1327-00_1733484168886_Mandibular_View.jpg,0,0,1051,143,1255,381,
anonymous_003-008-1327-00_1733484168886_Mandibular_View.jpg,0,0,988,317,1212,555,
anonymous_003-008-1327-00_1733484168886_Mandibular_View.jpg,0,0,65,295,296,519,
anonymous_003-008-1328-01_1733490534115_Mandibular_View.jpg,0,0,58,246,254,412,
anonymous_003-008-1328-01_1733490534115_Mandibular_View.jpg,0,0,21,103,199,260,
anonymous_003-008-1347-01_1733569500704_Mandibular_View.jpg,0,0,28,147,256,370,
anonymous_003-008-1347-01_1733569500704_Mandibular_View.jpg,0,0,83,322,313,564,
anonymous_003-008-1347-01_1733569500704_Mandibular_View.jpg,0,0,967,296,1170,508,
anonymous_003-008-1372-00_1733740703713_Maxillary_Occlusal_View.jpg,0,0,1203,725,1503,978,
anonymous_003-008-1372-00_1733740703713_Maxillary_Occlusal_View.jpg,0,0,1267,939,1528,1112,
anonymous_003-008-1396-00_1733833829814_Maxillary_Occlusal_View.jpg,0,0,116,495,341,671,
anonymous_003-008-1396-00_1733833829814_Maxillary_Occlusal_View.jpg,0,0,69,636,293,772,
anonymous_003-008-1396-00_1733833829814_Maxillary_Occlusal_View.jpg,0,0,33,758,295,940,
anonymous_003-008-1396-00_1733833829814_Maxillary_Occlusal_View.jpg,0,0,64,904,324,1041,
anonymous_003-008-1396-00_1733833829814_Maxillary_Occlusal_View.jpg,0,0,1166,460,1372,616,
anonymous_003-008-1396-00_1733833829814_Maxillary_Occlusal_View.jpg,0,0,1233,582,1431,716,
anonymous_003-008-1396-00_1733833829814_Maxillary_Occlusal_View.jpg,0,0,1264,673,1494,877,
anonymous_003-008-1411-01_1733912476033_Mandibular_View.jpg,0,0,32,81,254,284,
anonymous_003-008-1411-01_1733912476033_Mandibular_View.jpg,0,0,69,244,315,475,
anonymous_003-008-1411-01_1733912476033_Mandibular_View.jpg,0,0,155,428,336,606,
anonymous_003-008-1411-01_1733912476033_Mandibular_View.jpg,0,0,1001,95,1181,298,
anonymous_003-008-1411-01_1733912476033_Mandibular_View.jpg,0,0,932,264,1149,508,
anonymous_003-008-1459-01_1734087695402_Maxillary_Occlusal_View.jpg,0,0,843,75,988,253,
anonymous_003-008-562-01_1728904090342_Mandibular_View.jpg,0,0,77,273,327,497,
anonymous_003-008-562-01_1728904090342_Mandibular_View.jpg,0,0,108,477,403,714,
anonymous_003-008-562-01_1728904090342_Mandibular_View.jpg,0,0,1377,308,1618,495,
anonymous_003-008-562-01_1728904090342_Mandibular_View.jpg,0,0,1349,490,1601,723,
anonymous_003-008-564-01_1728907238496_Maxillary_Occlusal_View.jpg,0,0,98,1026,415,1250,
anonymous_003-008-564-01_1728907238496_Maxillary_Occlusal_View.jpg,0,0,1436,789,1767,1056,
anonymous_003-008-564-01_1728907238496_Maxillary_Occlusal_View.jpg,0,0,95,781,437,1072,
anonymous_003-008-564-01_1728907238496_Maxillary_Occlusal_View.jpg,0,0,1475,1050,1753,1209,
anonymous_003-008-564-01_1728907238496_Maxillary_Occlusal_View.jpg,0,0,1396,684,1648,828,
anonymous_003-008-566-01_1728910029994_Mandibular_View.jpg,0,0,75,211,310,400,
anonymous_003-008-566-01_1728910029994_Mandibular_View.jpg,0,0,1215,206,1427,407,
anonymous_003-008-566-01_1728910029994_Mandibular_View.jpg,0,0,1160,391,1392,562,
anonymous_003-008-566-01_1728910029994_Mandibular_View.jpg,0,0,103,393,356,606,
anonymous_003-008-566-01_1728910029994_Mandibular_View.jpg,0,0,1131,563,1315,702,
anonymous_003-008-566-01_1728910029994_Mandibular_View.jpg,0,0,175,567,370,727,
anonymous_003-008-568-01_1728912404651_Maxillary_Occlusal_View.jpg,0,0,92,968,429,1213,
anonymous_003-008-597-00_1729002988805_Maxillary_Occlusal_View.jpg,0,0,1178,535,1412,692,
anonymous_003-008-597-00_1729002988805_Maxillary_Occlusal_View.jpg,0,0,1214,656,1525,890,
anonymous_003-008-597-00_1729002988805_Maxillary_Occlusal_View.jpg,0,0,1310,820,1565,1022,
anonymous_003-008-614-01_1729074200376_Mandibular_View.jpg,0,0,67,259,298,459,
anonymous_003-008-614-01_1729074200376_Mandibular_View.jpg,0,0,1202,192,1403,424,
anonymous_003-008-614-01_1729074200376_Mandibular_View.jpg,0,0,1127,354,1352,568,
anonymous_003-008-614-01_1729074200376_Mandibular_View.jpg,0,0,1076,535,1279,711,
anonymous_003-008-614-01_1729074200376_Mandibular_View.jpg,0,0,117,435,367,668,
anonymous_003-008-619-00_1729080900725_Maxillary_Occlusal_View.jpg,0,0,39,680,313,922,
anonymous_003-008-619-00_1729080900725_Maxillary_Occlusal_View.jpg,0,0,1175,680,1447,875,
anonymous_003-008-621-00_1729084830092_Frontal_View.jpg,0,0,516,107,697,327,
anonymous_003-008-621-00_1729084830092_Frontal_View.jpg,0,0,898,283,1019,407,
anonymous_003-008-621-00_1729084830092_Frontal_View.jpg,0,0,313,81,514,323,
anonymous_003-008-646-00_1729160916094_Maxillary_Occlusal_View.jpg,0,0,138,630,380,777,
anonymous_003-008-646-00_1729160916094_Maxillary_Occlusal_View.jpg,0,0,72,730,338,954,
anonymous_003-008-646-00_1729160916094_Maxillary_Occlusal_View.jpg,0,0,112,927,352,1056,
anonymous_003-008-646-00_1729160916094_Maxillary_Occlusal_View.jpg,0,0,1280,662,1492,798,
anonymous_003-008-646-00_1729160916094_Maxillary_Occlusal_View.jpg,0,0,1309,787,1552,968,
anonymous_003-008-646-00_1729160916094_Maxillary_Occlusal_View.jpg,0,0,1328,947,1549,1087,
anonymous_003-008-650-00_1729167733200_Maxillary_Occlusal_View.jpg,0,0,1184,751,1416,941,
anonymous_003-008-650-00_1729167733200_Maxillary_Occlusal_View.jpg,0,0,107,517,324,676,
anonymous_003-008-655-01_1729173697243_Mandibular_View.jpg,0,0,1013,82,1221,285,
anonymous_003-008-655-01_1729173697243_Mandibular_View.jpg,0,0,207,417,359,575,
anonymous_003-008-655-01_1729173697243_Mandibular_View.jpg,0,0,956,393,1095,561,
anonymous_003-008-655-01_1729173697243_Mandibular_View.jpg,0,0,34,97,276,296,
anonymous_003-008-655-01_1729173697243_Mandibular_View.jpg,0,0,116,262,318,446,
anonymous_003-008-655-01_1729173697243_Mandibular_View.jpg,0,0,986,249,1171,424,
anonymous_003-008-679-00_1729249395420_Right_Lateral_View.jpg,0,0,414,422,544,568,
anonymous_003-008-680-01_1729252793946_Mandibular_View.jpg,0,0,27,145,232,363,
anonymous_003-008-680-01_1729252793946_Mandibular_View.jpg,0,0,71,318,317,531,
anonymous_003-008-680-01_1729252793946_Mandibular_View.jpg,0,0,1056,89,1281,273,
anonymous_003-008-680-01_1729252793946_Mandibular_View.jpg,0,0,1047,265,1281,477,
anonymous_003-008-680-01_1729252793946_Mandibular_View.jpg,0,0,1034,450,1236,631,
anonymous_003-008-680-01_1729252793946_Maxillary_Occlusal_View.jpg,0,0,1221,645,1488,785,
anonymous_003-008-680-01_1729252793946_Maxillary_Occlusal_View.jpg,0,0,1255,757,1513,955,
anonymous_003-008-680-01_1729252793946_Maxillary_Occlusal_View.jpg,0,0,146,620,378,791,
anonymous_003-008-680-01_1729252793946_Maxillary_Occlusal_View.jpg,0,0,73,732,338,962,
anonymous_003-008-680-01_1729252793946_Maxillary_Occlusal_View.jpg,0,0,163,455,423,647,
anonymous_003-008-685-00_1729257675748_Maxillary_Occlusal_View.jpg,0,0,1443,801,1722,971,
anonymous_003-008-726-01_1729515883716_Mandibular_View.jpg,0,0,71,432,237,616,
anonymous_003-008-741-00_1729595555946_Mandibular_View.jpg,0,0,29,95,175,230,
anonymous_003-008-741-00_1729595555946_Mandibular_View.jpg,0,0,28,213,206,348,
anonymous_003-008-741-00_1729595555946_Mandibular_View.jpg,0,0,754,159,907,287,
anonymous_003-008-741-00_1729595555946_Mandibular_View.jpg,0,0,723,251,884,399,
anonymous_003-008-741-00_1729595555946_Mandibular_View.jpg,0,0,88,316,217,416,
anonymous_003-008-742-01_1729599198761_Mandibular_View.jpg,0,0,31,97,202,268,
anonymous_003-008-742-01_1729599198761_Mandibular_View.jpg,0,0,86,238,262,396,
anonymous_003-008-742-01_1729599198761_Mandibular_View.jpg,0,0,877,81,1039,248,
anonymous_003-008-742-01_1729599198761_Mandibular_View.jpg,0,0,831,223,1005,393,
anonymous_003-008-743-00_1729599647750_Mandibular_View.jpg,0,0,37,233,230,386,
anonymous_003-008-743-00_1729599647750_Mandibular_View.jpg,0,0,101,368,298,518,
anonymous_003-008-743-00_1729599647750_Mandibular_View.jpg,0,0,962,242,1143,391,
anonymous_003-008-743-00_1729599647750_Mandibular_View.jpg,0,0,927,374,1112,536,
anonymous_003-008-799-00_1729861944603_Maxillary_Occlusal_View.jpg,0,0,130,386,356,616,
anonymous_003-008-799-00_1729861944603_Maxillary_Occlusal_View.jpg,0,0,1312,631,1561,835,
anonymous_003-008-801-00_1729865168164_Mandibular_View.jpg,0,0,991,240,1218,459,
anonymous_003-008-801-00_1729865168164_Mandibular_View.jpg,0,0,38,167,274,372,
anonymous_003-008-816-00_1729939059509_Maxillary_Occlusal_View.jpg,0,0,1416,636,1666,840,
anonymous_003-008-816-00_1729939059509_Right_Lateral_View.jpg,0,0,291,366,556,498,
anonymous_003-008-820-00_1729944688530_Maxillary_Occlusal_View.jpg,0,0,41,771,370,1046,
anonymous_003-008-820-00_1729944688530_Maxillary_Occlusal_View.jpg,0,0,94,630,385,833,
anonymous_003-008-820-00_1729944688530_Maxillary_Occlusal_View.jpg,0,0,1367,683,1639,864,
anonymous_003-008-820-00_1729944688530_Maxillary_Occlusal_View.jpg,0,0,1375,822,1675,1064,
anonymous_003-008-822-00_1729947030203_Maxillary_Occlusal_View.jpg,0,0,1337,1036,1640,1197,
anonymous_003-008-823-01_1729949111612_Maxillary_Occlusal_View.jpg,0,0,63,1058,451,1339,
anonymous_003-008-840-01_1730109774881_Mandibular_View.jpg,0,0,66,197,313,392,
anonymous_003-008-840-01_1730109774881_Mandibular_View.jpg,0,0,1010,174,1242,351,
anonymous_003-008-846-01_1730116835568_Mandibular_View.jpg,0,0,95,224,314,433,
anonymous_003-008-850-01_1730122161166_Maxillary_Occlusal_View.jpg,0,0,1202,628,1465,858,
anonymous_003-008-855-01_1730197185524_Maxillary_Occlusal_View.jpg,0,0,1132,565,1399,806,
anonymous_003-008-855-01_1730197185524_Maxillary_Occlusal_View.jpg,0,0,117,498,398,756,
anonymous_003-008-855-01_1730197185524_Maxillary_Occlusal_View.jpg,0,0,1150,788,1427,1001,
anonymous_003-008-859-01_1730202467399_Left_Lateral_View.jpg,0,0,533,216,637,286,
anonymous_003-008-859-01_1730202467399_Left_Lateral_View.jpg,0,0,563,148,652,228,
anonymous_003-008-860-00_1730202956330_Mandibular_View.jpg,0,0,952,212,1130,361,
anonymous_003-008-860-00_1730202956330_Mandibular_View.jpg,0,0,936,313,1109,482,
anonymous_003-008-860-00_1730202956330_Mandibular_View.jpg,0,0,27,127,187,282,
anonymous_003-008-860-00_1730202956330_Mandibular_View.jpg,0,0,45,248,230,405,
anonymous_003-008-912-01_1730374226278_Maxillary_Occlusal_View.jpg,0,0,1339,652,1580,834,
anonymous_003-008-912-01_1730374226278_Maxillary_Occlusal_View.jpg,0,0,82,634,346,868,
anonymous_003-008-912-01_1730374226278_Maxillary_Occlusal_View.jpg,0,0,1318,514,1513,663,
anonymous_003-008-930-01_1730717194382_Maxillary_Occlusal_View.jpg,0,0,79,644,348,882,
anonymous_003-008-931-00_1730717738893_Mandibular_View.jpg,0,0,41,75,231,244,
anonymous_003-008-931-00_1730717738893_Mandibular_View.jpg,0,0,64,211,282,408,
anonymous_003-008-931-00_1730717738893_Mandibular_View.jpg,0,0,1105,53,1309,215,
anonymous_003-008-933-00_1730720839388_Mandibular_View.jpg,0,0,928,113,1095,283,
anonymous_003-008-933-00_1730720839388_Mandibular_View.jpg,0,0,902,272,1064,469,
anonymous_003-008-937-00_1730727374307_Mandibular_View.jpg,0,0,966,319,1160,491,
anonymous_003-008-937-00_1730727374307_Mandibular_View.jpg,0,0,1002,175,1177,335,
anonymous_003-008-939-00_1730729761767_Mandibular_View.jpg,0,0,838,205,1020,385,
anonymous_003-008-939-00_1730729761767_Mandibular_View.jpg,0,0,774,467,909,628,
anonymous_003-008-939-00_1730729761767_Mandibular_View.jpg,0,0,778,346,952,502,
anonymous_003-008-974-01_1730891946552_Maxillary_Occlusal_View.jpg,0,0,59,671,335,875,
anonymous_003-008-974-01_1730891946552_Maxillary_Occlusal_View.jpg,0,0,1298,922,1611,1132,
anonymous_003-008-975-00_1730892499976_Maxillary_Occlusal_View.jpg,0,0,1157,620,1395,798,
anonymous_003-008-975-00_1730892499976_Maxillary_Occlusal_View.jpg,0,0,20,553,282,749,
anonymous_003-008-975-00_1730892499976_Maxillary_Occlusal_View.jpg,0,0,1148,776,1415,958,
anonymous_003-008-997-00_1730975206077_Mandibular_View.jpg,0,0,34,243,223,407,
anonymous_003-008-997-00_1730975206077_Mandibular_View.jpg,0,0,72,370,286,558,
anonymous_003-008-997-00_1730975206077_Mandibular_View.jpg,0,0,926,444,1135,620,
anonymous_003-008-997-00_1730975206077_Mandibular_View.jpg,0,0,977,339,1150,476,
anonymous_003-009-1191-01_1732772473264_Mandibular_View.jpg,0,0,298,187,804,641,
anonymous_003-009-1191-01_1732772473264_Mandibular_View.jpg,0,0,2561,62,3036,468,
anonymous_003-009-1191-01_1732772473264_Mandibular_View.jpg,0,0,361,576,866,1046,
anonymous_003-009-1193-01_1732775352351_Mandibular_View.jpg,0,0,156,156,588,514,
anonymous_003-009-1196-00_1732780449325_Maxillary_Occlusal_View.jpg,0,0,1746,621,2169,902,
anonymous_003-009-1196-00_1732780449325_Maxillary_Occlusal_View.jpg,0,0,1875,773,2277,1046,
anonymous_003-009-1196-00_1732780449325_Maxillary_Occlusal_View.jpg,0,0,1913,958,2348,1308,
anonymous_003-009-1196-00_1732780449325_Maxillary_Occlusal_View.jpg,0,0,184,794,563,1046,
anonymous_003-009-1196-00_1732780449325_Maxillary_Occlusal_View.jpg,0,0,102,1177,475,1402,
anonymous_003-009-1197-01_1732783016757_Mandibular_View.jpg,0,0,2473,291,3042,812,
anonymous_003_007_335_01_1728014331472_Maxillary_Occlusal_View.jpg,0,0,87,1401,585,1816,
anonymous_003_007_336_00_1728015022130_Mandibular_View.jpg,0,0,1374,169,1695,429,
anonymous_003_007_336_00_1728015022130_Mandibular_View.jpg,0,0,164,134,489,397,
anonymous_003_007_392_01_1728361981214_Maxillary_Occlusal_View.jpg,0,0,810,867,1283,1188,
anonymous_003_007_392_01_1728361981214_Maxillary_Occlusal_View.jpg,0,0,644,1403,1147,1806,
anonymous_003_007_392_01_1728361981214_Maxillary_Occlusal_View.jpg,0,0,2474,1194,2986,1609,
anonymous_003_007_394_01_1728366298014_Mandibular_View.jpg,0,0,239,333,598,696,
anonymous_003_007_394_01_1728366298014_Mandibular_View.jpg,0,0,1654,109,1937,407,
anonymous_003_007_394_01_1728366298014_Mandibular_View.jpg,0,0,1570,368,1919,727,
anonymous_003_007_407_01_1728377720875_Maxillary_Occlusal_View.jpg,0,0,2035,1072,2437,1390,
anonymous_003_007_418_01_1728450994783_Mandibular_View.jpg,0,0,117,46,331,265,
anonymous_003_007_418_01_1728450994783_Mandibular_View.jpg,0,0,180,221,440,433,
anonymous_003_007_418_01_1728450994783_Mandibular_View.jpg,0,0,265,367,566,612,
anonymous_003_007_418_01_1728450994783_Mandibular_View.jpg,0,0,1600,21,1851,240,
anonymous_003_007_418_01_1728450994783_Mandibular_View.jpg,0,0,1565,216,1831,393,
anonymous_003_007_418_01_1728450994783_Mandibular_View.jpg,0,0,1523,382,1810,580,
anonymous_003_007_419_00_1728451706078_Mandibular_View.jpg,0,0,128,11,347,205,
anonymous_003_007_419_00_1728451706078_Mandibular_View.jpg,0,0,187,179,438,383,
anonymous_003_007_419_00_1728451706078_Mandibular_View.jpg,0,0,251,321,535,520,
anonymous_003_007_419_00_1728451706078_Mandibular_View.jpg,0,0,1552,58,1784,260,
anonymous_003_007_419_00_1728451706078_Mandibular_View.jpg,0,0,1489,234,1745,421,
anonymous_003_007_419_00_1728451706078_Mandibular_View.jpg,0,0,1428,383,1701,607,
anonymous_003_007_419_00_1728451706078_Mandibular_View.jpg,0,0,1373,530,1596,697,
anonymous_003_007_426_01_1728463017437_Mandibular_View.jpg,0,0,52,104,426,506,
anonymous_003_007_426_01_1728463017437_Mandibular_View.jpg,0,0,196,394,565,806,
anonymous_003_007_426_01_1728463017437_Mandibular_View.jpg,0,0,1641,313,1962,691,
anonymous_003_007_426_01_1728463017437_Mandibular_View.jpg,0,0,1756,45,2030,393,
anonymous_003_007_452_00_1728544673959_Maxillary_Occlusal_View.jpg,0,0,1419,552,1691,695,
anonymous_003_007_452_00_1728544673959_Maxillary_Occlusal_View.jpg,0,0,219,533,488,721,
anonymous_003_007_452_00_1728544673959_Maxillary_Occlusal_View.jpg,0,0,1457,649,1768,892,
anonymous_003_007_464_00_1728568449512_Mandibular_View.jpg,0,0,1099,358,1361,567,
anonymous_003_007_464_00_1728568449512_Mandibular_View.jpg,0,0,1184,205,1404,399,
anonymous_003_007_464_00_1728568449512_Mandibular_View.jpg,0,0,23,226,233,412,
anonymous_003_007_467_01_1728619862956_Maxillary_Occlusal_View.jpg,0,0,1561,749,1942,1062,
anonymous_003_007_467_01_1728619862956_Maxillary_Occlusal_View.jpg,0,0,1590,656,1909,803,
anonymous_003_007_467_01_1728619862956_Maxillary_Occlusal_View.jpg,0,0,1599,1022,1914,1184,
anonymous_003_007_467_01_1728619862956_Maxillary_Occlusal_View.jpg,0,0,135,1105,452,1322,
anonymous_003_007_470_00_1728624071317_Mandibular_View.jpg,0,0,172,155,443,384,
anonymous_003_007_470_00_1728624071317_Mandibular_View.jpg,0,0,218,349,497,609,
anonymous_003_007_470_00_1728624071317_Mandibular_View.jpg,0,0,286,561,486,773,
anonymous_003_007_470_00_1728624071317_Mandibular_View.jpg,0,0,1428,130,1709,383,
anonymous_003_007_470_00_1728624071317_Mandibular_View.jpg,0,0,1343,318,1652,627,
anonymous_003_007_470_00_1728624071317_Right_Lateral_View.jpg,0,0,281,258,450,413,
anonymous_003_007_499_01_1728704917370_Maxillary_Occlusal_View.jpg,0,0,1858,1108,2286,1436,
anonymous_003_007_503_01_1728710183853_Mandibular_View.jpg,0,0,128,86,508,406,
anonymous_003_007_503_01_1728710183853_Mandibular_View.jpg,0,0,190,350,598,696,
anonymous_003_007_503_01_1728710183853_Mandibular_View.jpg,0,0,290,629,623,840,
anonymous_003_007_503_01_1728710183853_Mandibular_View.jpg,0,0,1857,91,2221,399,
anonymous_003_007_503_01_1728710183853_Mandibular_View.jpg,0,0,1759,358,2136,673,
anonymous_003_007_503_01_1728710183853_Mandibular_View.jpg,0,0,1762,632,2069,855,
anonymous_003_007_505_01_1728712510089_Maxillary_Occlusal_View.jpg,0,0,374,504,749,788,
anonymous_003_007_505_01_1728712510089_Maxillary_Occlusal_View.jpg,0,0,2068,1250,2468,1471,
anonymous_003_007_505_01_1728712510089_Maxillary_Occlusal_View.jpg,0,0,178,971,653,1329,
anonymous_003_007_505_01_1728712510089_Maxillary_Occlusal_View.jpg,0,0,2051,992,2478,1308,
anonymous_003_007_507_01_1728715242584_Left_Lateral_View.jpg,0,0,541,609,764,792,
anonymous_003_007_509_00_1728715858343_Right_Lateral_View.jpg,0,0,331,540,553,710,
anonymous_003_007_513_01_1728721702956_Mandibular_View.jpg,0,0,241,339,609,675,
anonymous_003_007_513_01_1728721702956_Mandibular_View.jpg,0,0,298,583,702,939,
anonymous_003_007_513_01_1728721702956_Mandibular_View.jpg,0,0,1926,319,2245,592,
anonymous_003_007_513_01_1728721702956_Mandibular_View.jpg,0,0,1868,535,2232,849,
anonymous_003_007_513_01_1728721702956_Maxillary_Occlusal_View.jpg,0,0,60,1030,367,1285,
anonymous_003_007_513_01_1728721702956_Maxillary_Occlusal_View.jpg,0,0,139,780,486,1097,
anonymous_003_007_513_01_1728721702956_Maxillary_Occlusal_View.jpg,0,0,260,606,546,833,
anonymous_003_007_513_01_1728721702956_Maxillary_Occlusal_View.jpg,0,0,1603,678,1915,861,
anonymous_003_007_513_01_1728721702956_Maxillary_Occlusal_View.jpg,0,0,1591,843,1949,1123,
anonymous_003_007_513_01_1728721702956_Maxillary_Occlusal_View.jpg,0,0,1618,1100,1936,1297,
anonymous_003_007_525_00_1728797698567_Mandibular_View.jpg,0,0,160,82,558,443,
anonymous_003_007_525_00_1728797698567_Mandibular_View.jpg,0,0,271,392,686,777,
anonymous_003_007_525_00_1728797698567_Mandibular_View.jpg,0,0,1890,7,2211,313,
anonymous_003_007_525_00_1728797698567_Mandibular_View.jpg,0,0,1848,290,2205,628,
anonymous_003_007_525_00_1728797698567_Right_Lateral_View.jpg,0,0,400,490,637,586,
anonymous_003_007_548_00_1728880234229_Maxillary_Occlusal_View.jpg,0,0,707,421,1086,695,
anonymous_003_007_548_00_1728880234229_Maxillary_Occlusal_View.jpg,0,0,2055,1232,2412,1454,
anonymous_003_007_548_00_1728880234229_Maxillary_Occlusal_View.jpg,0,0,2059,752,2381,989,
anonymous_003_007_548_00_1728880234229_Maxillary_Occlusal_View.jpg,0,0,603,626,966,926,
anonymous_003_007_555_01_1728890992148_Maxillary_Occlusal_View.jpg,0,0,289,1201,851,1628,
anonymous_003_007_555_01_1728890992148_Maxillary_Occlusal_View.jpg,0,0,2424,1356,2955,1739,
anonymous_003_007_557_01_1728893264519_Left_Lateral_View.jpg,0,0,373,381,495,464,
anonymous_003_007_557_01_1728893264519_Maxillary_Occlusal_View.jpg,0,0,258,651,585,907,
anonymous_003_007_557_01_1728893264519_Maxillary_Occlusal_View.jpg,0,0,160,836,534,1161,
anonymous_003_007_557_01_1728893264519_Maxillary_Occlusal_View.jpg,0,0,119,1080,471,1319,
anonymous_003_007_557_01_1728893264519_Maxillary_Occlusal_View.jpg,0,0,1680,938,2051,1216,
anonymous_003_007_557_01_1728893264519_Maxillary_Occlusal_View.jpg,0,0,1710,1189,2024,1392,
anonymous_003_007_558_01_1728894179706_Right_Lateral_View.jpg,0,0,533,456,764,659,
anonymous_003_008_517_01_1728729948616_Right_Lateral_View.jpg,0,0,181,385,293,463,
anonymous_003_008_522_01_1728736167560_Mandibular_View.jpg,0,0,85,218,344,442,
anonymous_003_008_522_01_1728736167560_Mandibular_View.jpg,0,0,108,402,397,642,
anonymous_003_008_522_01_1728736167560_Mandibular_View.jpg,0,0,1291,169,1528,359,
anonymous_003_008_522_01_1728736167560_Mandibular_View.jpg,0,0,1265,332,1516,542,
anonymous_003_008_522_01_1728736167560_Mandibular_View.jpg,0,0,1226,498,1451,667,
anonymous_003_008_536_00_1728811422355_Mandibular_View.jpg,0,0,1188,158,1424,368,
anonymous_003_008_536_00_1728811422355_Mandibular_View.jpg,0,0,1131,348,1384,553,
anonymous_003_008_536_00_1728811422355_Mandibular_View.jpg,0,0,89,197,316,411,
anonymous_003_008_539_01_1728816064645_Mandibular_View.jpg,0,0,58,145,290,391,
anonymous_003_008_539_01_1728816064645_Mandibular_View.jpg,0,0,1024,156,1287,406,
anonymous_003_008_539_01_1728816064645_Mandibular_View.jpg,0,0,127,350,343,557,
anonymous_003_008_539_01_1728816064645_Mandibular_View.jpg,0,0,1005,344,1224,559,
anonymous_003_008_543_01_1728821613951_Right_Lateral_View.jpg,0,0,517,469,671,597,
anonymous_003_103_304_01_1727873448702_Mandibular_View.jpg,0,0,96,204,336,419,
anonymous_003_103_323_01_1727949601502_Mandibular_View.jpg,0,0,27,289,276,514,
anonymous_003_103_323_01_1727949601502_Mandibular_View.jpg,0,0,1168,496,1427,732,
anonymous_003_103_325_01_1727953120242_Mandibular_View.jpg,0,0,100,307,394,533,
anonymous_003_103_325_01_1727953120242_Mandibular_View.jpg,0,0,109,518,438,747,
anonymous_003_103_325_01_1727953120242_Mandibular_View.jpg,0,0,1416,244,1689,502,
anonymous_003_103_325_01_1727953120242_Mandibular_View.jpg,0,0,1305,458,1598,729,
anonymous_003_103_329_01_1727960105370_Mandibular_View.jpg,0,0,1318,235,1521,453,
anonymous_003_103_329_01_1727960105370_Mandibular_View.jpg,0,0,1232,413,1490,658,
anonymous_003_103_329_01_1727960105370_Mandibular_View.jpg,0,0,201,478,450,730,
anonymous_003_103_347_01_1728037641315_Maxillary_Occlusal_View.jpg,0,0,1465,808,1767,1048,
anonymous_003_103_347_01_1728037641315_Maxillary_Occlusal_View.jpg,0,0,116,913,421,1155,
anonymous_003_103_347_01_1728037641315_Maxillary_Occlusal_View.jpg,0,0,109,1113,404,1316,
anonymous_003_103_347_01_1728037641315_Maxillary_Occlusal_View.jpg,0,0,1482,1028,1753,1216,
anonymous_003_103_352_00_1728045407980_Maxillary_Occlusal_View.jpg,0,0,148,778,426,1017,
anonymous_003_103_352_00_1728045407980_Maxillary_Occlusal_View.jpg,0,0,162,977,446,1175,
anonymous_003_103_352_00_1728045407980_Maxillary_Occlusal_View.jpg,0,0,1274,694,1485,829,
anonymous_003_103_352_00_1728045407980_Maxillary_Occlusal_View.jpg,0,0,1291,806,1539,1038,
anonymous_003_103_352_00_1728045407980_Maxillary_Occlusal_View.jpg,0,0,1336,978,1566,1171,
anonymous_003_103_354_00_1728048234590_Mandibular_View.jpg,0,0,62,177,227,348,
anonymous_003_103_354_00_1728048234590_Mandibular_View.jpg,0,0,90,337,274,512,
anonymous_003_103_354_00_1728048234590_Mandibular_View.jpg,0,0,135,480,299,607,
anonymous_003_103_354_00_1728048234590_Mandibular_View.jpg,0,0,955,213,1151,384,
anonymous_003_103_354_00_1728048234590_Mandibular_View.jpg,0,0,919,354,1133,555,
anonymous_003_103_358_00_1728053441663_Mandibular_View.jpg,0,0,1030,394,1232,564,
anonymous_003_103_358_00_1728053441663_Mandibular_View.jpg,0,0,972,496,1191,682,
anonymous_003_103_358_00_1728053441663_Mandibular_View.jpg,0,0,43,339,221,480,
anonymous_003_103_358_00_1728053441663_Mandibular_View.jpg,0,0,43,458,256,607,
anonymous_003_103_370_01_1728125137328_Mandibular_View.jpg,0,0,159,381,394,586,
anonymous_003_103_370_01_1728125137328_Mandibular_View.jpg,0,0,1114,362,1336,577,
anonymous_003_103_382_01_1728189568619_Mandibular_View.jpg,0,0,111,144,336,366,
anonymous_003_103_382_01_1728189568619_Mandibular_View.jpg,0,0,1254,211,1501,436,
anonymous_003_103_382_01_1728189568619_Mandibular_View.jpg,0,0,1160,395,1416,648,
anonymous_003_103_386_01_1728197609481_Maxillary_Occlusal_View.jpg,0,0,1281,717,1552,961,
anonymous_003_103_387_00_1728198102551_Maxillary_Occlusal_View.jpg,0,0,151,550,416,736,
anonymous_003_103_387_00_1728198102551_Maxillary_Occlusal_View.jpg,0,0,1292,705,1562,923,
anonymous_003_103_387_00_1728198102551_Maxillary_Occlusal_View.jpg,0,0,69,691,380,966,
anonymous_003_103_389_00_1728201279605_Maxillary_Occlusal_View.jpg,0,0,1247,844,1493,1019,
anonymous_003_103_430_01_1728467395628_Right_Lateral_View.jpg,0,0,608,304,813,573,
anonymous_003_103_441_00_1728482331326_Maxillary_Occlusal_View.jpg,0,0,1296,794,1567,998,
anonymous_003_103_441_00_1728482331326_Maxillary_Occlusal_View.jpg,0,0,94,800,394,1044,
anonymous_003_103_444_00_1728484210222_Mandibular_View.jpg,0,0,1115,350,1335,566,
anonymous_004-008-1465-01_1734100929758_Maxillary_Occlusal_View.jpg,0,0,135,484,324,628,
anonymous_004-008-1465-01_1734100929758_Maxillary_Occlusal_View.jpg,0,0,1014,334,1206,492,
anonymous_004-008-1465-01_1734100929758_Maxillary_Occlusal_View.jpg,0,0,1060,454,1257,599,
anonymous_004-008-1465-01_1734100929758_Maxillary_Occlusal_View.jpg,0,0,69,581,297,794,
anonymous_004-008-1465-01_1734100929758_Maxillary_Occlusal_View.jpg,0,0,1097,551,1321,752,
anonymous_005-007-1023-01_1731214978665_Frontal_View.jpg,0,0,100,390,239,542,
anonymous_005-007-1023-01_1731214978665_Mandibular_View.jpg,0,0,2215,369,2695,755,
anonymous_005-007-1023-01_1731214978665_Mandibular_View.jpg,0,0,129,747,561,1021,
anonymous_005-007-1023-01_1731214978665_Mandibular_View.jpg,0,0,76,306,534,745,
anonymous_005-007-1029-01_1731225249737_Mandibular_View.jpg,0,0,163,166,570,556,
anonymous_005-007-1029-01_1731225249737_Mandibular_View.jpg,0,0,2156,202,2688,623,
anonymous_005-007-1029-01_1731225249737_Mandibular_View.jpg,0,0,185,538,660,970,
anonymous_005-007-1029-01_1731225249737_Mandibular_View.jpg,0,0,2010,534,2556,1038,
